{"_step":29,"loss":1.0139154195785522,"rank accuracy":0.78125,"suit accuracy":0.9375,"_timestamp":1.7684701782064588e+09,"_runtime":1356,"_wandb":{"runtime":1356}}