{"_timestamp":1.768467903468514e+09,"_step":220,"loss":1.734517216682434,"rank accuracy":0.59375,"suit accuracy":0.78125,"_runtime":127,"_wandb":{"runtime":127}}