{"_runtime":509,"_wandb":{"runtime":509},"suit accuracy":0.9375,"_timestamp":1.768468528771119e+09,"_step":877,"loss":1.0123368501663208,"rank accuracy":0.78125}